review,sentiment
"based on my experience, I am not satisfied with the quality",negative
"to be frank, The results are inaccurate and unreliable",negative
"honestly, Performance is slow and unstable",negative
"overall, I love this product and its design",positive
"honestly, The product is very poor and disappointing",negative
"after using it for a while, I am very satisfied with the quality and performance",positive
"to be frank, This is a great product and worth the money",positive
"honestly, The quality is cheap and not durable",negative
"honestly, This is a waste of money",negative
"after using it for a while, The quality is cheap and not durable",negative
"in my opinion, This is a waste of money",negative
"based on my experience, Highly recommend this to everyone",positive
"in my opinion, I love this product and its design",positive
"overall, Very good quality and easy to use",positive
"to be frank, Highly recommend this to everyone",positive
"in my opinion, Very bad experience using this product",negative
"based on my experience, This is a great product and worth the money",positive
"in my opinion, I am very satisfied with the quality and performance",positive
"to be frank, Performance is slow and unstable",negative
"personally, The product is excellent and works perfectly",positive
"after using it for a while, Highly recommend this to everyone",positive
"honestly, I would not recommend this to anyone",negative
"based on my experience, I am very satisfied with the quality and performance",positive
"in my opinion, Amazing experience using this product",positive
"to be frank, The results are accurate and fast",positive
"based on my experience, I would not recommend this to anyone",negative
"overall, The product is excellent and works perfectly",positive
"based on my experience, This is a great product and worth the money",positive
"honestly, I love this product and its design",positive
"overall, Highly recommend this to everyone",positive
"in my opinion, Performance is slow and unstable",negative
"personally, I am very satisfied with the quality and performance",positive
"personally, Performance is slow and unstable",negative
"after using it for a while, Amazing experience using this product",positive
"after using it for a while, The quality is cheap and not durable",negative
"in my opinion, Performance is slow and unstable",negative
"after using it for a while, Very good quality and easy to use",positive
"in my opinion, Terrible product with many issues",negative
"to be frank, The results are inaccurate and unreliable",negative
"based on my experience, I would not recommend this to anyone",negative
"based on my experience, This is a waste of money",negative
"in my opinion, I am very satisfied with the quality and performance",positive
"personally, I would not recommend this to anyone",negative
"honestly, Very good quality and easy to use",positive
"to be frank, The results are inaccurate and unreliable",negative
"honestly, Fantastic product with great features",positive
"based on my experience, I hate this product and its design",negative
"personally, Fantastic product with great features",positive
"after using it for a while, The product is excellent and works perfectly",positive
"after using it for a while, Terrible product with many issues",negative
"personally, Terrible product with many issues",negative
"in my opinion, Very bad experience using this product",negative
"personally, The performance is smooth and reliable",positive
"honestly, The results are inaccurate and unreliable",negative
"after using it for a while, Fantastic product with great features",positive
"overall, Very good quality and easy to use",positive
"in my opinion, Very bad experience using this product",negative
"overall, The results are inaccurate and unreliable",negative
"after using it for a while, The results are accurate and fast",positive
"after using it for a while, This is a waste of money",negative
"honestly, This is a waste of money",negative
"honestly, This is a waste of money",negative
"after using it for a while, I am very satisfied with the quality and performance",positive
"in my opinion, Fantastic product with great features",positive
"in my opinion, Highly recommend this to everyone",positive
"personally, I am very satisfied with the quality and performance",positive
"honestly, Terrible product with many issues",negative
"after using it for a while, Amazing experience using this product",positive
"overall, Performance is slow and unstable",negative
"overall, Fantastic product with great features",positive
"after using it for a while, This is a great product and worth the money",positive
"to be frank, Amazing experience using this product",positive
"after using it for a while, Amazing experience using this product",positive
"after using it for a while, This is a waste of money",negative
"based on my experience, I am very satisfied with the quality and performance",positive
"to be frank, The product is excellent and works perfectly",positive
"personally, The results are accurate and fast",positive
"overall, I love this product and its design",positive
"after using it for a while, I would not recommend this to anyone",negative
"based on my experience, I hate this product and its design",negative
"to be frank, Very good quality and easy to use",positive
"based on my experience, The results are inaccurate and unreliable",negative
"in my opinion, I would not recommend this to anyone",negative
"after using it for a while, Amazing experience using this product",positive
"in my opinion, The product is very poor and disappointing",negative
"personally, Highly recommend this to everyone",positive
"in my opinion, I would not recommend this to anyone",negative
"to be frank, The quality is cheap and not durable",negative
"after using it for a while, I am very satisfied with the quality and performance",positive
"based on my experience, Very good quality and easy to use",positive
"to be frank, I would not recommend this to anyone",negative
"overall, The quality is cheap and not durable",negative
"to be frank, Very bad experience using this product",negative
"overall, I would not recommend this to anyone",negative
"in my opinion, I would not recommend this to anyone",negative
"to be frank, Highly recommend this to everyone",positive
"in my opinion, This is a great product and worth the money",positive
"after using it for a while, This is a waste of money",negative
"honestly, I am very satisfied with the quality and performance",positive
"to be frank, The results are inaccurate and unreliable",negative
"based on my experience, This is a waste of money",negative
"personally, I love this product and its design",positive
"personally, I hate this product and its design",negative
"based on my experience, I love this product and its design",positive
"overall, Very good quality and easy to use",positive
"personally, I am not satisfied with the quality",negative
"to be frank, I hate this product and its design",negative
"to be frank, Terrible product with many issues",negative
"based on my experience, I would not recommend this to anyone",negative
"in my opinion, Performance is slow and unstable",negative
"after using it for a while, This is a waste of money",negative
"based on my experience, This is a waste of money",negative
"overall, I love this product and its design",positive
"based on my experience, Very good quality and easy to use",positive
"overall, This is a great product and worth the money",positive
"personally, Terrible product with many issues",negative
"based on my experience, The results are inaccurate and unreliable",negative
"honestly, I would not recommend this to anyone",negative
"in my opinion, I would not recommend this to anyone",negative
"personally, Amazing experience using this product",positive
"based on my experience, The performance is smooth and reliable",positive
"in my opinion, The performance is smooth and reliable",positive
"to be frank, I hate this product and its design",negative
"in my opinion, I would not recommend this to anyone",negative
"honestly, This is a waste of money",negative
"to be frank, I would not recommend this to anyone",negative
"based on my experience, The quality is cheap and not durable",negative
"personally, The quality is cheap and not durable",negative
"after using it for a while, The product is excellent and works perfectly",positive
"after using it for a while, Amazing experience using this product",positive
"in my opinion, I hate this product and its design",negative
"to be frank, The results are accurate and fast",positive
"overall, The results are inaccurate and unreliable",negative
"overall, I love this product and its design",positive
"in my opinion, Very good quality and easy to use",positive
"after using it for a while, The performance is smooth and reliable",positive
"personally, I hate this product and its design",negative
"in my opinion, Terrible product with many issues",negative
"overall, Terrible product with many issues",negative
"in my opinion, The product is excellent and works perfectly",positive
"to be frank, The results are inaccurate and unreliable",negative
"to be frank, The quality is cheap and not durable",negative
"based on my experience, This is a great product and worth the money",positive
"to be frank, I would not recommend this to anyone",negative
"overall, The results are inaccurate and unreliable",negative
"to be frank, Very good quality and easy to use",positive
"honestly, The quality is cheap and not durable",negative
"based on my experience, This is a waste of money",negative
"personally, I am very satisfied with the quality and performance",positive
"in my opinion, This is a great product and worth the money",positive
"honestly, The product is very poor and disappointing",negative
"honestly, The quality is cheap and not durable",negative
"in my opinion, I hate this product and its design",negative
"personally, The performance is smooth and reliable",positive
"to be frank, The results are accurate and fast",positive
"after using it for a while, This is a great product and worth the money",positive
"after using it for a while, Amazing experience using this product",positive
"honestly, I love this product and its design",positive
"after using it for a while, The product is excellent and works perfectly",positive
"after using it for a while, Amazing experience using this product",positive
"in my opinion, I hate this product and its design",negative
"honestly, I am very satisfied with the quality and performance",positive
"in my opinion, The product is excellent and works perfectly",positive
"after using it for a while, The product is very poor and disappointing",negative
"honestly, The results are accurate and fast",positive
"overall, Fantastic product with great features",positive
"in my opinion, The performance is smooth and reliable",positive
"after using it for a while, I love this product and its design",positive
"personally, I am very satisfied with the quality and performance",positive
"to be frank, Amazing experience using this product",positive
"after using it for a while, I am very satisfied with the quality and performance",positive
"honestly, I love this product and its design",positive
"after using it for a while, I love this product and its design",positive
"to be frank, The product is excellent and works perfectly",positive
"in my opinion, Highly recommend this to everyone",positive
"personally, Amazing experience using this product",positive
"overall, The results are inaccurate and unreliable",negative
"in my opinion, Fantastic product with great features",positive
"personally, Very good quality and easy to use",positive
"after using it for a while, Fantastic product with great features",positive
"overall, Performance is slow and unstable",negative
"personally, Very bad experience using this product",negative
"after using it for a while, Amazing experience using this product",positive
"based on my experience, Fantastic product with great features",positive
"overall, Very bad experience using this product",negative
"honestly, I am not satisfied with the quality",negative
"honestly, Performance is slow and unstable",negative
"after using it for a while, Very bad experience using this product",negative
"based on my experience, Very good quality and easy to use",positive
"honestly, I would not recommend this to anyone",negative
"personally, Performance is slow and unstable",negative
"after using it for a while, This is a great product and worth the money",positive
"to be frank, I love this product and its design",positive
"in my opinion, I hate this product and its design",negative
"to be frank, Very bad experience using this product",negative
"based on my experience, The results are inaccurate and unreliable",negative
"based on my experience, Amazing experience using this product",positive
"personally, This is a great product and worth the money",positive
"overall, The product is very poor and disappointing",negative
"to be frank, I am very satisfied with the quality and performance",positive
"in my opinion, The results are inaccurate and unreliable",negative
"based on my experience, The product is very poor and disappointing",negative
"honestly, I would not recommend this to anyone",negative
"overall, The results are accurate and fast",positive
"after using it for a while, The results are inaccurate and unreliable",negative
"based on my experience, I would not recommend this to anyone",negative
"to be frank, I would not recommend this to anyone",negative
"overall, The quality is cheap and not durable",negative
"to be frank, The results are inaccurate and unreliable",negative
"in my opinion, Amazing experience using this product",positive
"personally, The results are accurate and fast",positive
"to be frank, Terrible product with many issues",negative
"to be frank, The performance is smooth and reliable",positive
"in my opinion, This is a waste of money",negative
"personally, The product is very poor and disappointing",negative
"honestly, I hate this product and its design",negative
"personally, I would not recommend this to anyone",negative
"personally, I would not recommend this to anyone",negative
"overall, The performance is smooth and reliable",positive
"in my opinion, The results are inaccurate and unreliable",negative
"honestly, Performance is slow and unstable",negative
"in my opinion, The quality is cheap and not durable",negative
"honestly, The performance is smooth and reliable",positive
"honestly, I am not satisfied with the quality",negative
"in my opinion, Amazing experience using this product",positive
"in my opinion, Very good quality and easy to use",positive
"personally, The results are inaccurate and unreliable",negative
"overall, Very bad experience using this product",negative
"honestly, Fantastic product with great features",positive
"to be frank, I am not satisfied with the quality",negative
"personally, The quality is cheap and not durable",negative
"overall, The results are inaccurate and unreliable",negative
"personally, The results are accurate and fast",positive
"overall, The performance is smooth and reliable",positive
"personally, The performance is smooth and reliable",positive
"personally, Highly recommend this to everyone",positive
"in my opinion, Highly recommend this to everyone",positive
"in my opinion, Amazing experience using this product",positive
"after using it for a while, Fantastic product with great features",positive
"after using it for a while, The quality is cheap and not durable",negative
"based on my experience, The product is very poor and disappointing",negative
"in my opinion, Amazing experience using this product",positive
"personally, This is a waste of money",negative
"in my opinion, Terrible product with many issues",negative
"based on my experience, Fantastic product with great features",positive
"to be frank, Very good quality and easy to use",positive
"overall, The results are accurate and fast",positive
"based on my experience, Very bad experience using this product",negative
"in my opinion, The results are inaccurate and unreliable",negative
"personally, I am not satisfied with the quality",negative
"overall, The product is excellent and works perfectly",positive
"personally, The results are inaccurate and unreliable",negative
"overall, Very bad experience using this product",negative
"in my opinion, The results are inaccurate and unreliable",negative
"overall, The quality is cheap and not durable",negative
"overall, This is a waste of money",negative
"personally, Very bad experience using this product",negative
"after using it for a while, The quality is cheap and not durable",negative
"after using it for a while, Performance is slow and unstable",negative
"based on my experience, The results are inaccurate and unreliable",negative
"personally, Very bad experience using this product",negative
"overall, The results are inaccurate and unreliable",negative
"to be frank, The performance is smooth and reliable",positive
"to be frank, The results are accurate and fast",positive
"based on my experience, The results are accurate and fast",positive
"personally, Highly recommend this to everyone",positive
"personally, I would not recommend this to anyone",negative
"personally, The quality is cheap and not durable",negative
"personally, This is a waste of money",negative
"after using it for a while, Highly recommend this to everyone",positive
"overall, The product is excellent and works perfectly",positive
"in my opinion, This is a great product and worth the money",positive
"honestly, I love this product and its design",positive
"to be frank, The performance is smooth and reliable",positive
"overall, This is a great product and worth the money",positive
"after using it for a while, Very good quality and easy to use",positive
"based on my experience, I love this product and its design",positive
"overall, Very good quality and easy to use",positive
"to be frank, This is a great product and worth the money",positive
"honestly, The product is very poor and disappointing",negative
"after using it for a while, The results are inaccurate and unreliable",negative
"in my opinion, I would not recommend this to anyone",negative
"personally, Very good quality and easy to use",positive
"personally, Very good quality and easy to use",positive
"personally, Fantastic product with great features",positive
"overall, The results are inaccurate and unreliable",negative
"in my opinion, Amazing experience using this product",positive
"honestly, This is a great product and worth the money",positive
"personally, Fantastic product with great features",positive
"based on my experience, I am very satisfied with the quality and performance",positive
"personally, Terrible product with many issues",negative
"overall, I would not recommend this to anyone",negative
"based on my experience, I am not satisfied with the quality",negative
"personally, I love this product and its design",positive
"after using it for a while, I am not satisfied with the quality",negative
"to be frank, The results are accurate and fast",positive
"based on my experience, The product is very poor and disappointing",negative
"based on my experience, The product is very poor and disappointing",negative
"after using it for a while, Very good quality and easy to use",positive
"in my opinion, Performance is slow and unstable",negative
"in my opinion, I love this product and its design",positive
"in my opinion, The quality is cheap and not durable",negative
"to be frank, Very bad experience using this product",negative
"based on my experience, The results are inaccurate and unreliable",negative
"overall, This is a great product and worth the money",positive
"overall, Amazing experience using this product",positive
"personally, Highly recommend this to everyone",positive
"in my opinion, The results are inaccurate and unreliable",negative
"overall, This is a waste of money",negative
"after using it for a while, The results are accurate and fast",positive
"overall, The product is very poor and disappointing",negative
"based on my experience, The results are inaccurate and unreliable",negative
"based on my experience, The product is excellent and works perfectly",positive
"honestly, I would not recommend this to anyone",negative
"overall, Performance is slow and unstable",negative
"honestly, Very good quality and easy to use",positive
"to be frank, Very good quality and easy to use",positive
"after using it for a while, Highly recommend this to everyone",positive
"after using it for a while, Performance is slow and unstable",negative
"in my opinion, I love this product and its design",positive
"after using it for a while, The product is very poor and disappointing",negative
"to be frank, This is a great product and worth the money",positive
"in my opinion, Very bad experience using this product",negative
"personally, The product is very poor and disappointing",negative
"personally, Highly recommend this to everyone",positive
"after using it for a while, Very good quality and easy to use",positive
"honestly, The quality is cheap and not durable",negative
"honestly, Performance is slow and unstable",negative
"honestly, The quality is cheap and not durable",negative
"overall, The quality is cheap and not durable",negative
"based on my experience, I am very satisfied with the quality and performance",positive
"based on my experience, This is a great product and worth the money",positive
"personally, The quality is cheap and not durable",negative
"personally, This is a waste of money",negative
"honestly, Performance is slow and unstable",negative
"overall, Performance is slow and unstable",negative
"personally, Highly recommend this to everyone",positive
"overall, The results are accurate and fast",positive
"in my opinion, This is a great product and worth the money",positive
"to be frank, The product is excellent and works perfectly",positive
"based on my experience, Very good quality and easy to use",positive
"based on my experience, Terrible product with many issues",negative
"to be frank, The product is excellent and works perfectly",positive
"honestly, Very bad experience using this product",negative
"honestly, Highly recommend this to everyone",positive
"after using it for a while, Amazing experience using this product",positive
"after using it for a while, Highly recommend this to everyone",positive
"based on my experience, I am very satisfied with the quality and performance",positive
"after using it for a while, Highly recommend this to everyone",positive
"overall, Very bad experience using this product",negative
"overall, I am not satisfied with the quality",negative
"after using it for a while, I hate this product and its design",negative
"after using it for a while, Amazing experience using this product",positive
"honestly, The product is excellent and works perfectly",positive
"overall, This is a waste of money",negative
"based on my experience, Highly recommend this to everyone",positive
"in my opinion, Amazing experience using this product",positive
"overall, Fantastic product with great features",positive
"to be frank, Very bad experience using this product",negative
"honestly, The quality is cheap and not durable",negative
"honestly, I am very satisfied with the quality and performance",positive
"in my opinion, Performance is slow and unstable",negative
"personally, I hate this product and its design",negative
"honestly, Amazing experience using this product",positive
"honestly, This is a great product and worth the money",positive
"overall, Performance is slow and unstable",negative
"honestly, The product is excellent and works perfectly",positive
"overall, I am very satisfied with the quality and performance",positive
"overall, Amazing experience using this product",positive
"personally, The quality is cheap and not durable",negative
"after using it for a while, I am not satisfied with the quality",negative
"after using it for a while, Very bad experience using this product",negative
"overall, I am very satisfied with the quality and performance",positive
"after using it for a while, The performance is smooth and reliable",positive
"to be frank, The product is excellent and works perfectly",positive
"overall, The performance is smooth and reliable",positive
"to be frank, The quality is cheap and not durable",negative
"based on my experience, I love this product and its design",positive
"after using it for a while, Very good quality and easy to use",positive
"based on my experience, The results are inaccurate and unreliable",negative
"to be frank, The results are accurate and fast",positive
"based on my experience, Performance is slow and unstable",negative
"honestly, The product is excellent and works perfectly",positive
"to be frank, Terrible product with many issues",negative
"based on my experience, The product is excellent and works perfectly",positive
"personally, The product is excellent and works perfectly",positive
"based on my experience, I love this product and its design",positive
"overall, Amazing experience using this product",positive
"in my opinion, Terrible product with many issues",negative
"to be frank, The results are accurate and fast",positive
"to be frank, The product is very poor and disappointing",negative
"honestly, This is a waste of money",negative
"overall, Very good quality and easy to use",positive
"overall, I love this product and its design",positive
"overall, The quality is cheap and not durable",negative
"in my opinion, Performance is slow and unstable",negative
"personally, The product is very poor and disappointing",negative
"based on my experience, Performance is slow and unstable",negative
"honestly, I hate this product and its design",negative
"to be frank, Very good quality and easy to use",positive
"honestly, I would not recommend this to anyone",negative
"honestly, I would not recommend this to anyone",negative
"based on my experience, I am very satisfied with the quality and performance",positive
"honestly, I love this product and its design",positive
"based on my experience, The results are inaccurate and unreliable",negative
"to be frank, I would not recommend this to anyone",negative
"personally, Very good quality and easy to use",positive
"in my opinion, I hate this product and its design",negative
"based on my experience, Very good quality and easy to use",positive
"after using it for a while, The quality is cheap and not durable",negative
"to be frank, The product is excellent and works perfectly",positive
"honestly, I am very satisfied with the quality and performance",positive
"to be frank, The performance is smooth and reliable",positive
"to be frank, The results are accurate and fast",positive
"overall, I would not recommend this to anyone",negative
"in my opinion, The product is very poor and disappointing",negative
"based on my experience, Fantastic product with great features",positive
"after using it for a while, I would not recommend this to anyone",negative
"in my opinion, Performance is slow and unstable",negative
"overall, I love this product and its design",positive
"based on my experience, The results are accurate and fast",positive
"personally, The results are inaccurate and unreliable",negative
"in my opinion, The product is excellent and works perfectly",positive
"honestly, Highly recommend this to everyone",positive
"overall, Amazing experience using this product",positive
"personally, The results are inaccurate and unreliable",negative
"based on my experience, Very good quality and easy to use",positive
"after using it for a while, I am not satisfied with the quality",negative
"overall, The results are inaccurate and unreliable",negative
"honestly, I would not recommend this to anyone",negative
"overall, This is a great product and worth the money",positive
"to be frank, I love this product and its design",positive
"based on my experience, The product is very poor and disappointing",negative
"personally, Fantastic product with great features",positive
"honestly, I would not recommend this to anyone",negative
"in my opinion, The product is excellent and works perfectly",positive
"in my opinion, Fantastic product with great features",positive
"based on my experience, The results are accurate and fast",positive
"overall, Amazing experience using this product",positive
"after using it for a while, I would not recommend this to anyone",negative
"after using it for a while, The results are inaccurate and unreliable",negative
"personally, I am very satisfied with the quality and performance",positive
"overall, I would not recommend this to anyone",negative
"personally, This is a great product and worth the money",positive
"based on my experience, I hate this product and its design",negative
"to be frank, Terrible product with many issues",negative
"after using it for a while, The product is very poor and disappointing",negative
"overall, I would not recommend this to anyone",negative
"overall, Fantastic product with great features",positive
"in my opinion, The product is excellent and works perfectly",positive
"personally, The product is very poor and disappointing",negative
"based on my experience, I would not recommend this to anyone",negative
"to be frank, I love this product and its design",positive
"based on my experience, The product is excellent and works perfectly",positive
"to be frank, The results are inaccurate and unreliable",negative
"based on my experience, The product is very poor and disappointing",negative
"based on my experience, Highly recommend this to everyone",positive
"in my opinion, Highly recommend this to everyone",positive
"to be frank, I would not recommend this to anyone",negative
"in my opinion, Amazing experience using this product",positive
"in my opinion, Performance is slow and unstable",negative
"based on my experience, Fantastic product with great features",positive
"to be frank, The results are inaccurate and unreliable",negative
"honestly, Very bad experience using this product",negative
"overall, This is a great product and worth the money",positive
"honestly, The product is very poor and disappointing",negative
"to be frank, I hate this product and its design",negative
"honestly, The quality is cheap and not durable",negative
"personally, The results are inaccurate and unreliable",negative
"after using it for a while, I hate this product and its design",negative
"based on my experience, I love this product and its design",positive
"honestly, I hate this product and its design",negative
"to be frank, I would not recommend this to anyone",negative
"after using it for a while, I hate this product and its design",negative
"to be frank, The results are accurate and fast",positive
"personally, Terrible product with many issues",negative
"overall, The product is very poor and disappointing",negative
"based on my experience, The quality is cheap and not durable",negative
"honestly, This is a waste of money",negative
"honestly, I would not recommend this to anyone",negative
"personally, Terrible product with many issues",negative
"to be frank, I hate this product and its design",negative
"after using it for a while, This is a waste of money",negative
"in my opinion, This is a waste of money",negative
"in my opinion, The results are inaccurate and unreliable",negative
"after using it for a while, I hate this product and its design",negative
"after using it for a while, Fantastic product with great features",positive
"after using it for a while, Amazing experience using this product",positive
"in my opinion, Very bad experience using this product",negative
"in my opinion, Highly recommend this to everyone",positive
"overall, I hate this product and its design",negative
"overall, Highly recommend this to everyone",positive
"in my opinion, This is a waste of money",negative
"overall, Fantastic product with great features",positive
"honestly, The product is very poor and disappointing",negative
"based on my experience, I am not satisfied with the quality",negative
"personally, The results are accurate and fast",positive
"honestly, The results are accurate and fast",positive
"based on my experience, The product is very poor and disappointing",negative
"honestly, I love this product and its design",positive
"in my opinion, Performance is slow and unstable",negative
"honestly, The results are accurate and fast",positive
"in my opinion, The quality is cheap and not durable",negative
"in my opinion, I hate this product and its design",negative
"honestly, The quality is cheap and not durable",negative
"personally, The performance is smooth and reliable",positive
"in my opinion, The quality is cheap and not durable",negative
"based on my experience, The performance is smooth and reliable",positive
"overall, This is a great product and worth the money",positive
"personally, The results are accurate and fast",positive
"in my opinion, The results are accurate and fast",positive
"overall, Very good quality and easy to use",positive
"in my opinion, I am not satisfied with the quality",negative
"personally, This is a waste of money",negative
"personally, The performance is smooth and reliable",positive
"in my opinion, The quality is cheap and not durable",negative
"after using it for a while, I would not recommend this to anyone",negative
"in my opinion, The product is very poor and disappointing",negative
"personally, I love this product and its design",positive
"after using it for a while, The results are inaccurate and unreliable",negative
"honestly, This is a great product and worth the money",positive
"based on my experience, The performance is smooth and reliable",positive
"to be frank, I am very satisfied with the quality and performance",positive
"to be frank, Fantastic product with great features",positive
"based on my experience, The results are accurate and fast",positive
"to be frank, I am not satisfied with the quality",negative
"to be frank, I hate this product and its design",negative
"honestly, Highly recommend this to everyone",positive
"overall, I hate this product and its design",negative
"based on my experience, The quality is cheap and not durable",negative
"based on my experience, Fantastic product with great features",positive
"honestly, Performance is slow and unstable",negative
"honestly, This is a waste of money",negative
"overall, This is a great product and worth the money",positive
"based on my experience, Fantastic product with great features",positive
"based on my experience, Very good quality and easy to use",positive
"personally, The results are accurate and fast",positive
"personally, Very good quality and easy to use",positive
"overall, I am very satisfied with the quality and performance",positive
"overall, Very bad experience using this product",negative
"to be frank, I am not satisfied with the quality",negative
"to be frank, Performance is slow and unstable",negative
"to be frank, Very good quality and easy to use",positive
"personally, The performance is smooth and reliable",positive
"overall, Amazing experience using this product",positive
"to be frank, The quality is cheap and not durable",negative
"based on my experience, Very good quality and easy to use",positive
"in my opinion, The results are accurate and fast",positive
"in my opinion, The quality is cheap and not durable",negative
"honestly, The product is excellent and works perfectly",positive
"in my opinion, Very bad experience using this product",negative
"after using it for a while, I love this product and its design",positive
"overall, The results are accurate and fast",positive
"based on my experience, This is a great product and worth the money",positive
"to be frank, Performance is slow and unstable",negative
"based on my experience, The product is very poor and disappointing",negative
"to be frank, I hate this product and its design",negative
"based on my experience, I am very satisfied with the quality and performance",positive
"to be frank, I am not satisfied with the quality",negative
"in my opinion, Terrible product with many issues",negative
"in my opinion, Terrible product with many issues",negative
"to be frank, The performance is smooth and reliable",positive
"overall, Performance is slow and unstable",negative
"overall, I would not recommend this to anyone",negative
"honestly, The performance is smooth and reliable",positive
"to be frank, I am very satisfied with the quality and performance",positive
"in my opinion, Terrible product with many issues",negative
"overall, Performance is slow and unstable",negative
"honestly, The product is excellent and works perfectly",positive
"based on my experience, This is a waste of money",negative
"based on my experience, I am not satisfied with the quality",negative
"personally, The product is excellent and works perfectly",positive
"to be frank, Performance is slow and unstable",negative
"honestly, Highly recommend this to everyone",positive
"after using it for a while, The results are inaccurate and unreliable",negative
"honestly, The performance is smooth and reliable",positive
"overall, Fantastic product with great features",positive
"personally, I am very satisfied with the quality and performance",positive
"honestly, The quality is cheap and not durable",negative
"to be frank, The quality is cheap and not durable",negative
"honestly, Highly recommend this to everyone",positive
"honestly, Highly recommend this to everyone",positive
"to be frank, Terrible product with many issues",negative
"overall, This is a waste of money",negative
"to be frank, I am not satisfied with the quality",negative
"to be frank, I hate this product and its design",negative
"in my opinion, The product is excellent and works perfectly",positive
"to be frank, The results are accurate and fast",positive
"to be frank, The results are accurate and fast",positive
"in my opinion, The performance is smooth and reliable",positive
"honestly, The results are inaccurate and unreliable",negative
"based on my experience, Terrible product with many issues",negative
"after using it for a while, Fantastic product with great features",positive
"after using it for a while, The performance is smooth and reliable",positive
"overall, The quality is cheap and not durable",negative
"overall, I love this product and its design",positive
"to be frank, Terrible product with many issues",negative
"after using it for a while, I love this product and its design",positive
"overall, I hate this product and its design",negative
"to be frank, I love this product and its design",positive
"to be frank, I hate this product and its design",negative
"based on my experience, I would not recommend this to anyone",negative
"based on my experience, I am not satisfied with the quality",negative
"honestly, I hate this product and its design",negative
"in my opinion, I am very satisfied with the quality and performance",positive
"personally, Very bad experience using this product",negative
"in my opinion, This is a great product and worth the money",positive
"based on my experience, Very bad experience using this product",negative
"personally, The product is excellent and works perfectly",positive
"in my opinion, The quality is cheap and not durable",negative
"overall, Very bad experience using this product",negative
"personally, Amazing experience using this product",positive
"to be frank, Terrible product with many issues",negative
"overall, The results are accurate and fast",positive
"after using it for a while, I hate this product and its design",negative
"overall, This is a great product and worth the money",positive
"based on my experience, I hate this product and its design",negative
"to be frank, I hate this product and its design",negative
"honestly, This is a waste of money",negative
"honestly, I hate this product and its design",negative
"personally, This is a great product and worth the money",positive
"honestly, The results are accurate and fast",positive
"to be frank, Very bad experience using this product",negative
"to be frank, Terrible product with many issues",negative
"after using it for a while, The product is very poor and disappointing",negative
"after using it for a while, This is a waste of money",negative
"personally, Very good quality and easy to use",positive
"overall, Terrible product with many issues",negative
"personally, I love this product and its design",positive
"based on my experience, Performance is slow and unstable",negative
"to be frank, This is a great product and worth the money",positive
"personally, The results are accurate and fast",positive
"in my opinion, I am very satisfied with the quality and performance",positive
"based on my experience, The quality is cheap and not durable",negative
"in my opinion, I hate this product and its design",negative
"after using it for a while, I am very satisfied with the quality and performance",positive
"personally, The performance is smooth and reliable",positive
"overall, I would not recommend this to anyone",negative
"in my opinion, The product is excellent and works perfectly",positive
"honestly, Performance is slow and unstable",negative
"overall, Very good quality and easy to use",positive
"honestly, Highly recommend this to everyone",positive
"based on my experience, The performance is smooth and reliable",positive
"after using it for a while, The results are accurate and fast",positive
"based on my experience, I hate this product and its design",negative
"overall, Performance is slow and unstable",negative
"personally, Terrible product with many issues",negative
"overall, Performance is slow and unstable",negative
"after using it for a while, The performance is smooth and reliable",positive
"overall, Terrible product with many issues",negative
"overall, I hate this product and its design",negative
"after using it for a while, Fantastic product with great features",positive
"based on my experience, I love this product and its design",positive
"overall, Highly recommend this to everyone",positive
"to be frank, Performance is slow and unstable",negative
"based on my experience, I am not satisfied with the quality",negative
"honestly, Amazing experience using this product",positive
"after using it for a while, The results are accurate and fast",positive
"personally, The results are inaccurate and unreliable",negative
"in my opinion, The results are inaccurate and unreliable",negative
"based on my experience, The product is very poor and disappointing",negative
"in my opinion, I love this product and its design",positive
"after using it for a while, Highly recommend this to everyone",positive
"to be frank, I love this product and its design",positive
"after using it for a while, The results are inaccurate and unreliable",negative
"based on my experience, The performance is smooth and reliable",positive
"honestly, Amazing experience using this product",positive
"to be frank, Amazing experience using this product",positive
"after using it for a while, The quality is cheap and not durable",negative
"personally, The performance is smooth and reliable",positive
"after using it for a while, Amazing experience using this product",positive
"to be frank, Fantastic product with great features",positive
"honestly, The quality is cheap and not durable",negative
"after using it for a while, The product is excellent and works perfectly",positive
"overall, The results are inaccurate and unreliable",negative
"after using it for a while, The performance is smooth and reliable",positive
"overall, Performance is slow and unstable",negative
"after using it for a while, The quality is cheap and not durable",negative
"after using it for a while, The product is very poor and disappointing",negative
"overall, Very bad experience using this product",negative
"honestly, I would not recommend this to anyone",negative
"overall, Terrible product with many issues",negative
"after using it for a while, Amazing experience using this product",positive
"based on my experience, Highly recommend this to everyone",positive
"overall, I love this product and its design",positive
"in my opinion, Very bad experience using this product",negative
"based on my experience, The product is very poor and disappointing",negative
"honestly, Terrible product with many issues",negative
"honestly, Highly recommend this to everyone",positive
"based on my experience, This is a waste of money",negative
"personally, Fantastic product with great features",positive
"in my opinion, I am very satisfied with the quality and performance",positive
"to be frank, I hate this product and its design",negative
"based on my experience, The quality is cheap and not durable",negative
"personally, Performance is slow and unstable",negative
"after using it for a while, The product is excellent and works perfectly",positive
"personally, Fantastic product with great features",positive
"personally, The product is excellent and works perfectly",positive
"after using it for a while, This is a great product and worth the money",positive
"overall, The results are accurate and fast",positive
"in my opinion, Fantastic product with great features",positive
"in my opinion, The performance is smooth and reliable",positive
"honestly, This is a great product and worth the money",positive
"after using it for a while, Performance is slow and unstable",negative
"personally, The performance is smooth and reliable",positive
"after using it for a while, The product is very poor and disappointing",negative
"based on my experience, This is a great product and worth the money",positive
"to be frank, I love this product and its design",positive
"in my opinion, I am not satisfied with the quality",negative
"overall, I am very satisfied with the quality and performance",positive
"personally, This is a great product and worth the money",positive
"personally, Fantastic product with great features",positive
"to be frank, Very bad experience using this product",negative
"in my opinion, Very good quality and easy to use",positive
"overall, Fantastic product with great features",positive
"after using it for a while, Very bad experience using this product",negative
"based on my experience, This is a waste of money",negative
"based on my experience, Amazing experience using this product",positive
"after using it for a while, I would not recommend this to anyone",negative
"overall, Amazing experience using this product",positive
"overall, This is a waste of money",negative
"in my opinion, I love this product and its design",positive
"in my opinion, The results are accurate and fast",positive
"based on my experience, The product is very poor and disappointing",negative
"honestly, I hate this product and its design",negative
"overall, Terrible product with many issues",negative
"to be frank, The performance is smooth and reliable",positive
"personally, The results are accurate and fast",positive
"after using it for a while, I am not satisfied with the quality",negative
"honestly, Very bad experience using this product",negative
"in my opinion, The performance is smooth and reliable",positive
"in my opinion, Highly recommend this to everyone",positive
"honestly, The quality is cheap and not durable",negative
"overall, I hate this product and its design",negative
"to be frank, Very good quality and easy to use",positive
"in my opinion, Performance is slow and unstable",negative
"in my opinion, Very bad experience using this product",negative
"honestly, Highly recommend this to everyone",positive
"overall, Very bad experience using this product",negative
"personally, Performance is slow and unstable",negative
"honestly, The product is excellent and works perfectly",positive
"overall, I love this product and its design",positive
"to be frank, The results are accurate and fast",positive
"based on my experience, This is a great product and worth the money",positive
"personally, This is a waste of money",negative
"after using it for a while, The product is very poor and disappointing",negative
"honestly, Fantastic product with great features",positive
"in my opinion, Very bad experience using this product",negative
"to be frank, This is a waste of money",negative
"in my opinion, Terrible product with many issues",negative
"honestly, Very bad experience using this product",negative
"personally, Very good quality and easy to use",positive
"to be frank, This is a waste of money",negative
"honestly, The results are inaccurate and unreliable",negative
"to be frank, The results are accurate and fast",positive
"personally, I am not satisfied with the quality",negative
"overall, Amazing experience using this product",positive
"to be frank, I hate this product and its design",negative
"to be frank, I would not recommend this to anyone",negative
"in my opinion, This is a waste of money",negative
"in my opinion, The results are accurate and fast",positive
"honestly, I love this product and its design",positive
"after using it for a while, Performance is slow and unstable",negative
"to be frank, I am very satisfied with the quality and performance",positive
"overall, Fantastic product with great features",positive
"after using it for a while, Fantastic product with great features",positive
"after using it for a while, Very good quality and easy to use",positive
"to be frank, Amazing experience using this product",positive
"after using it for a while, The results are inaccurate and unreliable",negative
"personally, The product is very poor and disappointing",negative
"based on my experience, Performance is slow and unstable",negative
"based on my experience, Amazing experience using this product",positive
"after using it for a while, Performance is slow and unstable",negative
"in my opinion, Very bad experience using this product",negative
"after using it for a while, Performance is slow and unstable",negative
"to be frank, I love this product and its design",positive
"honestly, Highly recommend this to everyone",positive
"to be frank, The product is excellent and works perfectly",positive
"based on my experience, The product is excellent and works perfectly",positive
"to be frank, I am not satisfied with the quality",negative
"after using it for a while, The performance is smooth and reliable",positive
"overall, I hate this product and its design",negative
"in my opinion, The performance is smooth and reliable",positive
"based on my experience, The quality is cheap and not durable",negative
"based on my experience, The quality is cheap and not durable",negative
"personally, Very bad experience using this product",negative
"honestly, Terrible product with many issues",negative
"based on my experience, The results are inaccurate and unreliable",negative
"in my opinion, Fantastic product with great features",positive
"personally, The quality is cheap and not durable",negative
"to be frank, The performance is smooth and reliable",positive
"after using it for a while, Terrible product with many issues",negative
"based on my experience, Very good quality and easy to use",positive
"in my opinion, Terrible product with many issues",negative
"based on my experience, Very bad experience using this product",negative
"to be frank, The results are inaccurate and unreliable",negative
"in my opinion, The quality is cheap and not durable",negative
"based on my experience, I am very satisfied with the quality and performance",positive
"after using it for a while, I love this product and its design",positive
"personally, The results are accurate and fast",positive
"honestly, Fantastic product with great features",positive
"honestly, Amazing experience using this product",positive
"in my opinion, I am not satisfied with the quality",negative
"honestly, The product is excellent and works perfectly",positive
"based on my experience, The performance is smooth and reliable",positive
"in my opinion, The quality is cheap and not durable",negative
"personally, Amazing experience using this product",positive
"personally, The quality is cheap and not durable",negative
"overall, The product is excellent and works perfectly",positive
"based on my experience, This is a great product and worth the money",positive
"personally, The results are accurate and fast",positive
"in my opinion, I love this product and its design",positive
"in my opinion, I am very satisfied with the quality and performance",positive
"overall, Amazing experience using this product",positive
"personally, I would not recommend this to anyone",negative
"honestly, This is a waste of money",negative
"after using it for a while, This is a great product and worth the money",positive
"in my opinion, Terrible product with many issues",negative
"based on my experience, The results are accurate and fast",positive
"to be frank, I hate this product and its design",negative
"after using it for a while, The product is very poor and disappointing",negative
"overall, Fantastic product with great features",positive
"honestly, The performance is smooth and reliable",positive
"after using it for a while, The performance is smooth and reliable",positive
"to be frank, Very good quality and easy to use",positive
"in my opinion, This is a great product and worth the money",positive
"honestly, This is a waste of money",negative
"honestly, Terrible product with many issues",negative
"overall, Amazing experience using this product",positive
"based on my experience, I hate this product and its design",negative
"to be frank, Amazing experience using this product",positive
"honestly, I would not recommend this to anyone",negative
"overall, Performance is slow and unstable",negative
"overall, I love this product and its design",positive
"to be frank, The quality is cheap and not durable",negative
"after using it for a while, This is a great product and worth the money",positive
"to be frank, The product is very poor and disappointing",negative
"to be frank, I am not satisfied with the quality",negative
"to be frank, The product is excellent and works perfectly",positive
"overall, This is a waste of money",negative
"to be frank, The product is very poor and disappointing",negative
"to be frank, Fantastic product with great features",positive
"personally, The product is very poor and disappointing",negative
"in my opinion, I am not satisfied with the quality",negative
"honestly, I would not recommend this to anyone",negative
"to be frank, Amazing experience using this product",positive
"overall, I hate this product and its design",negative
"honestly, The product is excellent and works perfectly",positive
"honestly, Performance is slow and unstable",negative
"honestly, Highly recommend this to everyone",positive
"overall, Fantastic product with great features",positive
"overall, Highly recommend this to everyone",positive
"after using it for a while, The product is excellent and works perfectly",positive
"honestly, The results are accurate and fast",positive
"in my opinion, I am very satisfied with the quality and performance",positive
"overall, Performance is slow and unstable",negative
"after using it for a while, The product is excellent and works perfectly",positive
"after using it for a while, This is a waste of money",negative
"overall, The performance is smooth and reliable",positive
"in my opinion, I hate this product and its design",negative
"honestly, Amazing experience using this product",positive
"in my opinion, Performance is slow and unstable",negative
"personally, Very bad experience using this product",negative
"personally, I hate this product and its design",negative
"in my opinion, Fantastic product with great features",positive
"after using it for a while, The results are accurate and fast",positive
"after using it for a while, The results are accurate and fast",positive
"overall, Performance is slow and unstable",negative
"personally, The results are inaccurate and unreliable",negative
"after using it for a while, Highly recommend this to everyone",positive
"after using it for a while, This is a great product and worth the money",positive
"personally, Very bad experience using this product",negative
"in my opinion, This is a waste of money",negative
"after using it for a while, Fantastic product with great features",positive
"to be frank, The product is very poor and disappointing",negative
"honestly, The results are inaccurate and unreliable",negative
"to be frank, This is a waste of money",negative
"honestly, The product is excellent and works perfectly",positive
"honestly, I would not recommend this to anyone",negative
"in my opinion, Fantastic product with great features",positive
"personally, The performance is smooth and reliable",positive
"in my opinion, I hate this product and its design",negative
"based on my experience, Performance is slow and unstable",negative
"personally, I am not satisfied with the quality",negative
"personally, Performance is slow and unstable",negative
"to be frank, Performance is slow and unstable",negative
"personally, Performance is slow and unstable",negative
"in my opinion, Very good quality and easy to use",positive
"after using it for a while, The product is excellent and works perfectly",positive
"honestly, Amazing experience using this product",positive
"overall, The results are accurate and fast",positive
"in my opinion, I am not satisfied with the quality",negative
"in my opinion, The quality is cheap and not durable",negative
"overall, Amazing experience using this product",positive
"overall, The product is very poor and disappointing",negative
"after using it for a while, This is a waste of money",negative
"in my opinion, Very bad experience using this product",negative
"in my opinion, Highly recommend this to everyone",positive
"in my opinion, The product is very poor and disappointing",negative
"in my opinion, The product is excellent and works perfectly",positive
"honestly, Highly recommend this to everyone",positive
"honestly, Amazing experience using this product",positive
"to be frank, The results are accurate and fast",positive
"overall, I am not satisfied with the quality",negative
"after using it for a while, The results are accurate and fast",positive
"overall, The product is very poor and disappointing",negative
"honestly, Amazing experience using this product",positive
"in my opinion, The results are inaccurate and unreliable",negative
"overall, Highly recommend this to everyone",positive
"in my opinion, This is a waste of money",negative
"based on my experience, I hate this product and its design",negative
"after using it for a while, Very good quality and easy to use",positive
"in my opinion, This is a waste of money",negative
"in my opinion, This is a waste of money",negative
"based on my experience, Very bad experience using this product",negative
"overall, Very good quality and easy to use",positive
"based on my experience, I am not satisfied with the quality",negative
"in my opinion, The product is excellent and works perfectly",positive
"overall, This is a great product and worth the money",positive
"overall, The performance is smooth and reliable",positive
"based on my experience, Highly recommend this to everyone",positive
"in my opinion, The quality is cheap and not durable",negative
"after using it for a while, Fantastic product with great features",positive
"based on my experience, I am not satisfied with the quality",negative
"overall, The product is excellent and works perfectly",positive
"based on my experience, The quality is cheap and not durable",negative
"in my opinion, I would not recommend this to anyone",negative
"after using it for a while, Performance is slow and unstable",negative
"overall, The quality is cheap and not durable",negative
"honestly, The product is excellent and works perfectly",positive
"overall, I hate this product and its design",negative
"to be frank, The performance is smooth and reliable",positive
"based on my experience, Fantastic product with great features",positive
"to be frank, The results are accurate and fast",positive
"based on my experience, I hate this product and its design",negative
"in my opinion, I am not satisfied with the quality",negative
"overall, I would not recommend this to anyone",negative
"to be frank, Performance is slow and unstable",negative
"in my opinion, Amazing experience using this product",positive
"personally, I am not satisfied with the quality",negative
"honestly, The performance is smooth and reliable",positive
"personally, Very bad experience using this product",negative
"honestly, The product is very poor and disappointing",negative
"after using it for a while, Very bad experience using this product",negative
"after using it for a while, Highly recommend this to everyone",positive
"based on my experience, Very good quality and easy to use",positive
"honestly, The results are accurate and fast",positive
"overall, The results are accurate and fast",positive
"to be frank, Highly recommend this to everyone",positive
"in my opinion, The product is excellent and works perfectly",positive
"personally, This is a great product and worth the money",positive
"in my opinion, The product is very poor and disappointing",negative
"in my opinion, The results are accurate and fast",positive
"personally, This is a great product and worth the money",positive
"after using it for a while, Fantastic product with great features",positive
"personally, Terrible product with many issues",negative
"honestly, Highly recommend this to everyone",positive
"to be frank, I am very satisfied with the quality and performance",positive
"in my opinion, Performance is slow and unstable",negative
"to be frank, I am not satisfied with the quality",negative
"in my opinion, This is a great product and worth the money",positive
"after using it for a while, I love this product and its design",positive
"overall, The quality is cheap and not durable",negative
"honestly, I would not recommend this to anyone",negative
"personally, Highly recommend this to everyone",positive
"based on my experience, This is a great product and worth the money",positive
"personally, Highly recommend this to everyone",positive
"honestly, The product is excellent and works perfectly",positive
"overall, Very good quality and easy to use",positive
"after using it for a while, Highly recommend this to everyone",positive
"after using it for a while, The performance is smooth and reliable",positive
"based on my experience, I would not recommend this to anyone",negative
"based on my experience, The performance is smooth and reliable",positive
"honestly, I am not satisfied with the quality",negative
"in my opinion, This is a great product and worth the money",positive
"based on my experience, The quality is cheap and not durable",negative
"in my opinion, Very good quality and easy to use",positive
"based on my experience, I hate this product and its design",negative
"overall, Performance is slow and unstable",negative
"honestly, I would not recommend this to anyone",negative
"after using it for a while, I love this product and its design",positive
"after using it for a while, This is a great product and worth the money",positive
"to be frank, The performance is smooth and reliable",positive
"personally, Amazing experience using this product",positive
"overall, This is a waste of money",negative
"based on my experience, The product is very poor and disappointing",negative
"in my opinion, I am very satisfied with the quality and performance",positive
"overall, I hate this product and its design",negative
"honestly, The product is excellent and works perfectly",positive
"to be frank, Very good quality and easy to use",positive
"honestly, The performance is smooth and reliable",positive
"based on my experience, I am very satisfied with the quality and performance",positive
"honestly, The results are inaccurate and unreliable",negative
"personally, The results are accurate and fast",positive
"overall, Very bad experience using this product",negative
"based on my experience, The quality is cheap and not durable",negative
"personally, Amazing experience using this product",positive
"after using it for a while, This is a waste of money",negative
"honestly, The results are inaccurate and unreliable",negative
"in my opinion, The product is excellent and works perfectly",positive
review,sentiment
this product is amazing,positive
excellent quality,positive
i love this product,positive
very good item,positive
superb performance,positive
nice product,positive
great value,positive
highly recommend,positive
will buy again,positive
quality is excellent,positive
awesome product,positive
awesome experience,positive
love it,positive
definitely worth it,positive
excellent service,positive
satisfied with the purchase,positive
amazing quality,positive
fantastic product,positive
fantastic experience,positive
my favorite product,positive
my favorite purchase,positive
my favorite item,positive
my favorite,positive
my favorite quality,positive
nice experience,positive
nice performance,positive
nice quality,positive
nice item,positive
good,positive
nice,positive
bad experience,negative
very bad quality,negative
worst purchase ever,negative
poor performance,negative
not good,negative
terrible service,negative
waste of money,negative
bad product,negative
very disappointed,negative
very poor quality,negative
bad item,negative
very bad,negative
very bad experience,negative
very bad product,negative
bad quality,negative
bad performance,negative
not worth it,negative
awful product,negative
awful experience,negative
quality is terrible,negative
quality is bad,negative
horrible product,negative
horrible experience,negative
low quality,negative
low performance,negative